{
  "project_info": {
    "project_number": "123116687059",
    "project_id": "the-smart-garbage-master",
    "storage_bucket": "the-smart-garbage-master.appspot.com"
  },
  "client": [
    {
      "client_info": {
        "mobilesdk_app_id": "1:123116687059:android:4dc337816201d3b1730e26",
        "android_client_info": {
          "package_name": "com.example.sgmapp"
        }
      },
      "oauth_client": [
        {
          "client_id": "123116687059-c0r4vh575io93ucc3sb61eg10s19addj.apps.googleusercontent.com",
          "client_type": 3
        }
      ],
      "api_key": [
        {
          "current_key": "AIzaSyBeMiWlYDqzPe9PrI6SH55w3DgrWfg6R5A"
        }
      ],
      "services": {
        "appinvite_service": {
          "other_platform_oauth_client": [
            {
              "client_id": "123116687059-c0r4vh575io93ucc3sb61eg10s19addj.apps.googleusercontent.com",
              "client_type": 3
            },
            {
              "client_id": "123116687059-q3gmbni0chk4fi0mfl5dbc61aas10o7p.apps.googleusercontent.com",
              "client_type": 2,
              "ios_info": {
                "bundle_id": "com.example.loginSignup"
              }
            }
          ]
        }
      }
    }
  ],
  "configuration_version": "1"
}