{"v":"5.6.6","ip":0,"op":60,"fr":10,"w":480,"h":480,"layers":[{"ind":4709,"nm":"surface20353","ao":0,"ip":0,"op":80,"st":0,"ty":4,"ks":{"o":{"a":0,"k":100,"ix":11},"r":{"a":1,"k":[{"i":{"x":[0.83],"y":[1]},"o":{"x":[0.17],"y":[0]},"t":0,"s":[0]},{"i":{"x":[0.53],"y":[1]},"o":{"x":[0.6],"y":[0]},"t":11,"s":[-10]},{"i":{"x":[0.83],"y":[1]},"o":{"x":[0.17],"y":[0]},"t":65,"s":[365]},{"i":{"x":[0.83],"y":[1]},"o":{"x":[0.17],"y":[0]},"t":77,"s":[358]},{"t":85,"s":[360]}],"ix":10},"p":{"a":0,"k":[240,240],"ix":2},"a":{"a":0,"k":[179.96,179.96],"ix":1},"s":{"a":0,"k":[133.33,133.33],"ix":6}},"shapes":[{"ty":"gr","hd":false,"nm":"surface20353","it":[{"ty":"gr","hd":false,"it":[{"ty":"sh","ks":{"k":{"i":[[0,0],[4.95,-0.45],[29.71,-29.12],[4.56,-41.16],[-4.96,-0.3],[-0.57,4.94],[-26.52,26],[-36.79,3.54],[0.2,4.96]],"o":[[-0.2,-4.97],[-41.25,3.73],[-29.71,29.12],[-0.55,4.94],[4.96,0.3],[4.27,-36.71],[26.52,-26],[4.95,-0.47],[0,0]],"v":[[173.11,9.14],[163.77,0.73],[54,51.45],[1.09,160.17],[9.31,169.68],[19.09,161.26],[66.6,64.3],[164.49,18.74],[173.11,9.14]],"c":true}}},{"ty":"gf","s":{"k":[174.75,12.75]},"e":{"k":[10.5,170.62]},"t":1,"h":{"k":0},"a":{"k":0},"g":{"p":2,"k":{"k":[0,0.46,0.31,1,1,0.46,0.31,1,0,1,1,0]}},"hd":false,"o":{"k":100}},{"ty":"tr","o":{"k":100},"r":{"k":0},"p":{"k":[0,0]},"a":{"k":[0,0]},"s":{"k":[100,100]},"sk":{"k":0},"sa":{"k":0},"hd":false}]},{"ty":"gr","hd":false,"it":[{"ty":"sh","ks":{"k":{"i":[[0,0],[0.25,4.96],[7.9,19.06],[16.71,16.71],[21.84,9.04],[20.56,1.03],[0,-4.97],[-4.96,-0.28],[-16.88,-6.99],[-15.04,-15.04],[-8.14,-19.65],[-1.01,-18.2],[-4.97,0]],"o":[[4.97,0],[-1.03,-20.56],[-9.04,-21.84],[-16.71,-16.71],[-19.06,-7.9],[-4.96,-0.25],[0,4.97],[18.2,1.01],[19.65,8.14],[15.04,15.04],[6.99,16.88],[0.28,4.96],[0,0]],"v":[[351,180],[359.77,171],[346.3,111.12],[307.28,52.72],[248.88,13.7],[189,0.23],[180,9],[189,18.25],[242,30.33],[294.55,65.45],[329.67,118],[341.75,171],[351,180]],"c":true}}},{"ty":"gf","s":{"k":[331.12,108]},"e":{"k":[171,6.38]},"t":1,"h":{"k":0},"a":{"k":0},"g":{"p":2,"k":{"k":[0,0.38,0.91,0.91,1,0,0.7,1,0,1,1,0]}},"hd":false,"o":{"k":100}},{"ty":"tr","o":{"k":100},"r":{"k":0},"p":{"k":[0,0]},"a":{"k":[0,0]},"s":{"k":[100,100]},"sk":{"k":0},"sa":{"k":0},"hd":false}]},{"ty":"gr","hd":false,"it":[{"ty":"sh","ks":{"k":{"i":[[0,0],[-0.25,-4.96],[-7.9,-19.06],[-16.71,-16.71],[-21.84,-9.04],[-20.56,-1.03],[0,4.97],[4.96,0.28],[16.88,6.99],[15.04,15.04],[8.14,19.65],[1.01,18.2],[4.97,0]],"o":[[-4.97,0],[1.03,20.56],[9.04,21.84],[16.71,16.71],[19.06,7.9],[4.96,0.25],[0,-4.97],[-18.2,-1.01],[-19.65,-8.14],[-15.04,-15.04],[-6.99,-16.88],[-0.28,-4.96],[0,0]],"v":[[9,180],[0.23,189],[13.7,248.88],[52.72,307.28],[111.12,346.3],[171,359.77],[180,351],[171,341.75],[118,329.67],[65.45,294.55],[30.33,242],[18.25,189],[9,180]],"c":true}}},{"ty":"gf","s":{"k":[0,151.12]},"e":{"k":[138.75,351.38]},"t":1,"h":{"k":0},"a":{"k":0},"g":{"p":2,"k":{"k":[0,1,0.67,0.27,1,1,0.67,0.27,0,1,1,0]}},"hd":false,"o":{"k":100}},{"ty":"tr","o":{"k":100},"r":{"k":0},"p":{"k":[0,0]},"a":{"k":[0,0]},"s":{"k":[100,100]},"sk":{"k":0},"sa":{"k":0},"hd":false}]},{"ty":"gr","hd":false,"it":[{"ty":"sh","ks":{"k":{"i":[[0,0],[-4.97,-0.15],[-19.64,6.34],[-18,15.32],[-10.77,21.04],[-2.68,20.41],[4.95,0.4],[0.67,-4.93],[8.32,-16.27],[16.2,-13.79],[20.25,-6.54],[18.22,0.45],[0.4,-4.95]],"o":[[-0.4,4.95],[20.58,0.62],[22.49,-7.27],[18,-15.32],[9.4,-18.37],[0.64,-4.93],[-4.95,-0.4],[-2.47,18.06],[-9.69,18.94],[-16.2,13.79],[-17.38,5.62],[-4.97,-0.12],[0,0]],"v":[[166.29,350.45],[174.55,359.92],[235.33,351.29],[296.66,317.07],[340.24,262],[358.48,203.38],[350.45,193.71],[340.51,201.94],[324.21,253.8],[285,303.37],[229.79,334.16],[176,341.95],[166.29,350.45]],"c":true}}},{"ty":"gf","s":{"k":[186.75,353.25]},"e":{"k":[349.12,180]},"t":1,"h":{"k":0},"a":{"k":0},"g":{"p":2,"k":{"k":[0,0.9,0.25,0.24,1,0.9,0.25,0.24,0,1,1,0]}},"hd":false,"o":{"k":100}},{"ty":"tr","o":{"k":100},"r":{"k":0},"p":{"k":[0,0]},"a":{"k":[0,0]},"s":{"k":[100,100]},"sk":{"k":0},"sa":{"k":0},"hd":false}]},{"ty":"tr","o":{"k":100},"r":{"k":0},"p":{"k":[0,0]},"a":{"k":[0,0]},"s":{"k":[100,100]},"sk":{"k":0},"sa":{"k":0},"hd":false}]}]}],"meta":{"g":"LF SVG to Lottie"}}